,rec_name,tot_time_seconds,rec_source,rating
Outrageous-Brownies-1365313,Outrageous Brownies,3600.0,"Two novice chefs, one tiny kitchen",4
Fudgy-Brownies-Martha-Stewart-196716,Fudgy Brownies,3300.0,Martha Stewart,5
Lemon-Brownies-1395451,Lemon Brownies,2700.0,Forgetful Momma,4
Tiramisu-Brownies-1613728,Tiramisu Brownies,3000.0,Broma Bakery,4
Snickers-brownies-369422,Snickers Brownies,3600.0,My Baking Addiction,5
Cakey-Brownies-1280505,Cakey Brownies,2700.0,Blessings and Good Food,4
6-Ingredient_-1-Bowl-Brownies-1555996,"6-Ingredient, 1 Bowl Brownies",2700.0,Yellow Bliss Road,4
Midnight-Diablo-Brownies-1619638,Midnight Diablo Brownies,1800.0,Port and Fin,4
Supernatural-Brownies-634344,Supernatural Brownies,3600.0,Once Upon A Chef,5
Peanut-Butter-Brownies-1095081,Peanut Butter Brownies,2400.0,TGIF - This Grandma Is Fun,4
Flourless-Keto-Brownie-1181189,Flourless Keto Brownie,1800.0,Ditch The Carbs,4
Brownie-Fries-1697237,Brownie Fries,2100.0,A Cookie Named Desire,4
Uber-Doober-PB-Brownies-1640170,Uber-Doober PB Brownies,3600.0,Better Homes and Gardens,3
Kahlua-Brownies-with-Cream-Cheese-Frosting-1704091,Kahlua Brownies with Cream Cheese Frosting,2280.0,Tramplingrose,4
4th-of-July-SMores-Brownies-1681033,4th of July S’Mores Brownies,4200.0,Andie Mitchell,3
Raspberry-cheesecake-brownie-335435,Raspberry Cheesecake Brownie,4200.0,Bakers Royale,5
Single-Serving-Brownie-1702482,Single Serving Brownie,1800.0,French Press,4
Fudgy-Paleo-Brownies-1625043,Fudgy Paleo Brownies,1200.0,JoyFoodSunshine,4
Ultimate-Brownies-989869,Ultimate Brownies,3600.0,Handle the Heat,4
Brownie-pizza-334047,Brownie Pizza,2400.0,How Sweet It Is,5
Chewy-Chocolate-Brownies-1700153,Chewy Chocolate Brownies,3600.0,The Unmanly Chef,4
Paleo-Coconut-Brownies-1678792,Paleo Coconut Brownies,2700.0,Beyond Diet,3
Heavenly-Hash-Brownies-1690396,Heavenly Hash Brownies,2100.0,Southern Bite,4
Blondie-Brownies-Allrecipes,Blondie Brownies,3300.0,AllRecipes,4
Classic-Brownies-1222009,Classic Brownies,3300.0,Fake Ginger,4
Fudge-Brownies-574731,Fudge Brownies,3600.0,My Daily Moment,3
Santa-Hat-Brownies-924255,Santa Hat Brownies,1800.0,Daisy's World,4
Monster-Brownies-489930,Monster Brownies,3000.0,Bake or Break,4
Sweet-Potato-Brownies-1696851,Sweet Potato Brownies,3300.0,Healthy Holistic Living,4
Buttercream-brownies-310080,Buttercream Brownies,6300.0,Big Girls Small Kitchen,5
Surprise-Snickers-Stuffed-Brownies-1627119,Surprise Snickers Stuffed Brownies,3180.0,Unicorns In The Kitchen,4
Buckeye-Brownies-1164154,Buckeye Brownies,1200.0,I Heart Nap Time,4
White-Chocolate-Brownies-_Blondies_-1603626,White Chocolate Brownies (Blondies),3600.0,Sugar Spun Run,4
Chocolate-Brownies-1699827,Chocolate Brownies,2100.0,Halaal Recipes,3
Ultimate-Deep-Dish-Brownies-981035,Ultimate Deep Dish Brownies,3000.0,Recipe for Perfection,4
Fudgy-Chocolate-Brownies-1270470,Fudgy Chocolate Brownies,3000.0,Relish,3
Marble-Cheesecake-Brownies-1170027,Marble Cheesecake Brownies,3000.0,Southern Plate,4
Raspberry-Brownies-MyRecipes-235940,Raspberry Brownies,3900.0,MyRecipes,3
Shortbread-Brownies-1023628,Shortbread Brownies,1200.0,Better Homes and Gardens,3
Chocolate-Brownie-1061026,Chocolate Brownie,3300.0,Flavor Quotient,4
Gooey-cocoa-brownies-344981,Gooey Cocoa Brownies,3600.0,Honey & Jam,5
Crack-Brownies-1686684,Crack Brownies,2400.0,A baJillian Recipes,4
German-Chocolate-Brownies-1625054,German Chocolate Brownies,3600.0,Julie's Eats & Treats,4
Praline-Brownies-1518704,Praline Brownies,3600.0,Plain Chicken,4
Eggless-Brownies-1598947,Eggless Brownies,3000.0,Spice up the Curry,4
Almond-Joy-Brownie-Bites-1705072,Almond Joy Brownie Bites,3300.0,Lady Behind the Curtain,4
PHILADELPHIA-Marble-Brownies-1501673,PHILADELPHIA Marble Brownies,4800.0,Kraft,3
Easy-Brownie-896923,Easy Brownie,1800.0,Recipe for Perfection,4
Toffee-Surprise-Brownies-1158102,Toffee Surprise Brownies,2700.0,Good Housekeeping,3
Peanut-Butter-Cheesecake-Brownies-1677714,Peanut Butter Cheesecake Brownies,4200.0,Chocolate Moosey,4
Slutty-Brownie-Cups-1519396,Slutty Brownie Cups,2400.0,The Domestic Rebel,4
Naughty-Brownies-1013218,Naughty Brownies,2700.0,Buttercream Bakehouse,4
Bliss-Brownies-783150,Bliss Brownies,2400.0,Creating & Baking Outside The Box,4
Peanut-butter-brownies-307307,Peanut Butter Brownies,5400.0,Smitten Kitchen,5
BROWNIE-PECAN-PIE-1045038,BROWNIE PECAN PIE,3300.0,Bisket and Bagels,4
Chocolate-Almond-Butter-Brownies-1696853,Chocolate Almond Butter Brownies,1320.0,Healthy Holistic Living,4
Healthy-Brownies-896942,Healthy Brownies,1800.0,Recipe for Perfection,4
Cappuccino-Brownies-1088477,Cappuccino Brownies,2700.0,Try Anything Once,4
Triple-Chocolate-Brownies-1693277,Triple Chocolate Brownies,3900.0,I Love My Disorganized Life,4
Truffle-Brownies-Serious-Eats-41843,Truffle Brownies,6300.0,Serious Eats,5
Reese_s-Brownies-1633044,Reese's Brownies,2700.0,Lou Lou Girls.Blogspot.Com,4
Cocoa-Brownies-639536,Cocoa Brownies,2700.0,Bon Appétit,3
Chunky-Monkey-Brownies-1221274,Chunky Monkey Brownies,2700.0,Can't Stay Out of the Kitchen,4
Paleo-Brownies-1574838,Paleo Brownies,2700.0,Elana's Pantry,4
Twix-Brownies-1175270,Twix Brownies,2700.0,Simply Shellie,4
Old-Fashioned-Brownie-with-frosting-1679662,Old Fashioned Brownie with frosting,2100.0,A Pinch of Joy,4
Double-Chocolate-Pudding-Brownies-1684720,Double Chocolate Pudding Brownies,2700.0,The Sweet (Tooth) Life,4
Brownies-1094464,Brownies,3000.0,The Nerdy Chef,4
Skillet-Brownies-1353590,Skillet Brownies,2100.0,Everyday Dishes,3
Caramel-Pecan-Brownies-1694907,Caramel Pecan Brownies,3300.0,Ecletic Red Barn,4
Golf-Ball-Truffles-and-Putting-Green-Brownies-1701548,Golf Ball Truffles and Putting Green Brownies,12300.0,SugarHero,4
Creme-Brulee-Brownies-1692940,Créme Bruleé Brownies,4200.0,Confessions of a Cookbook Queen,4
Lemon-Brownies-1172318,Lemon Brownies,2700.0,Whats for Supper UK,4
Caramel-Filled-Brownies-1684993,Caramel Filled Brownies,3900.0,Damn Delicious,4
Healthy-Chocolate-Fudge-Mug-Brownie-1687277,Healthy Chocolate Fudge Mug Brownie,240.0,Happy Healthy Motivated,4
Chocolate-Chip-Cookie-Dough-Brownie-Bomb-Cake-1702784,Chocolate Chip Cookie Dough Brownie Bomb Cake,5700.0,The Domestic Rebel,4
Greek-Yogurt-Brownies-1529762,Greek Yogurt Brownies,3000.0,Hungry Happens.com,3
Protein-Brownies-1418983,Protein Brownies,2100.0,Run Eat Repeat,4
Sinfully-Rich-Brownies-1699461,Sinfully Rich Brownies,2700.0,Boys Ahoy,4
Vegan-Brownies-1605042,Vegan Brownies,3000.0,AllRecipes,4
Smores-Brownie-574199,Smores’ Brownie,1980.0,Easy to Make Recipes,3
Microwave-Brownies-Single-Serve-1700111,Microwave Brownies Single Serve,1800.0,The Pin Junkie,4
Seven-Layer-Brownie-Cheesecake-Parfait-1687195,Seven Layer Brownie Cheesecake Parfait,1200.0,An Italian in my Kitchen,4
Nutella-Brownies-1575022,Nutella Brownies,13500.0,Sally's Baking Addiction,4
Santa-Hat-Brownies-1697221,Santa Hat Brownies,900.0,Cake Whiz,4
Supernatural-Brownies-1678676,Supernatural Brownies,4500.0,Honey & Jam,4
Lemon-Brownies-1037629,Lemon Brownies,2400.0,Life with the Crust Cut Off,4
Cherry-Lychee-Cheesecake-Brownies-1688024,Cherry Lychee Cheesecake Brownies,4500.0,Jewlicious,4
Lindor-Truffle-Brownies-1004556,Lindor Truffle Brownies,2700.0,Tasty Kitchen,3
Brownies-1174675,Brownies,3000.0,Elana's Pantry,4
Derby-Pie-Brownies-1619626,Derby Pie Brownies,4500.0,Take Two Tapas,4
Brownies-1535408,Brownies,3000.0,Elana's Pantry,4
Diet-Coke-Brownies-1599803,Diet Coke Brownies,2700.0,Aunt Peg's Recipe Box,4
Brownie-Cookies-1053288,Brownie Cookies,5100.0,Blessings and Good Food,4
Lime-Brownies-1611850,Lime Brownies,2700.0,Life with the Crust Cut Off,4
Paleo-Samosa-Brownies-1700313,Paleo Samosa Brownies,3300.0,A Girl Worth Saving,4
Casey_s-Brownie-Sundae-Cups-1691467,Casey's Brownie Sundae Cups,1800.0,Beach House Kitchen,4
Brownies-681896,Brownies,2100.0,Healthy Mom for Junk Food Kids,4
Brownies-1425774,Brownies,3300.0,Don't Sweat The Recipe,4
Easy-Buckeye-Brownies-1598323,Easy Buckeye Brownies,900.0,Chelsea's Messy Apron,4
Salted-Caramel-Brownie-Bites-1685698,Salted Caramel Brownie Bites,3000.0,Live Well Bake Often,4
Cadbury-Egg-Brownies-1541908,Cadbury Egg Brownies,4500.0,Confessions of a Cookbook Queen,4
6-Ingredient-Espresso-Brownies-1629846,6 Ingredient Espresso Brownies,3300.0,Pinch of Yum,4
Incredible-3-Ingredient-Nutella-Brownies-679277,Incredible 3-Ingredient Nutella Brownies,2400.0,The Comfort of Cooking,4
Skillet-Brownies-1681662,Skillet Brownies,1800.0,Charnopia,4
Absolutely-the-Best-Brownie-Recipe-Ever-1691150,Absolutely the Best Brownie Recipe Ever,3000.0,No Fail Recipes,4
S_mores-brownies-333828,S’mores Brownies,3300.0,How Sweet It Is,5
Fudgy-Dark-Chocolate-Brownies-1611469,Fudgy Dark Chocolate Brownies,2700.0,Belle of the Kitchen,4
Cinnamon-Crumb-Brownies-1690915,Cinnamon Crumb Brownies,3600.0,Bake or Break,4
Brownies-1001536,Brownies,3000.0,Articook,4
Oreo-Truffle-Brownies-1417153,Oreo Truffle Brownies,2100.0,Crazy For Crust,4
37-calorie-brownies___-and-no_-I_m-not-kidding_-1697616,"37 calorie brownies... and no, I'm not kidding.",1500.0,Broma Bakery,4
Cheesecake-Brownies-1166766,Cheesecake Brownies,3300.0,Crazy for Cookies and More,4
Chocolate-Raspberry-Brownies-1641306,Chocolate-Raspberry Brownies,4200.0,The Heritage Cook,4
Turtle-Brownies-1126669,Turtle Brownies,2400.0,Who Needs A Cape,4
Pumpkin-Brownies-1588887,Pumpkin Brownies,3000.0,Fit Mom Angela D,4
5-Minute-Brownie-in-a-Mug-1199161,5-Minute Brownie in a Mug,300.0,Inspired Taste,4
Lazy-Day-Brownies-1097853,Lazy Day Brownies,1500.0,The Slow Roasted Italian,4
Chewy-Dense-Brownies-1212404,Chewy-Dense Brownies,2700.0,Spoonful of Flavor,4
The-Perfect-Brownie-1174316,The Perfect Brownie,4200.0,lickthebowlgood.blogspot.com,3
Chipster-Topped-Brownies-1657256,Chipster-Topped Brownies,4500.0,US RECIPE,4
Adult-brownies-368993,Adult Brownies,1500.0,Framed Cooks,5
Classic-Brownies-1621984,Classic Brownies,3300.0,The Pudge Factor,4
Ultimate-Slutty-Brownie-1351309,Ultimate Slutty Brownie,2550.0,Spoon University,3
Praline-Brownies-1612550,Praline Brownies,3900.0,Diary Of A Recipe Collector,4
Microwave-Mug-Brownie-604718,Microwave Mug Brownie,300.0,Cooking Classy,3
Chocolate-Chip-Cookie-Brownie-Trifle-1705888,Chocolate Chip Cookie Brownie Trifle,2400.0,Life is but a Dish,4
Best-Ever-Easy-to-Make-Brownies-1683939,Best Ever Easy to Make Brownies,3000.0,Noshing With The Nolands,4
Chocolate-Chip-Brownie-Tarts-1695545,Chocolate Chip Brownie Tarts,1920.0,Inquiring Chef,4
Chocolate-Brownie-1699772,Chocolate Brownie,3600.0,Zuranaz Recipe,4
Buckeye-Brownies-1493117,Buckeye Brownies,3600.0,Buns in my Oven,4
Brownie-Delight-Allrecipes,Brownie Delight,3900.0,AllRecipes,4
Fluffer-Nutter-Brownies-1357172,Fluffer Nutter Brownies,3300.0,Garlic And Zest,4
Rocky-Road-Brownies-1626454,Rocky Road Brownies,600.0,A Cookie Named Desire,4
Dark-Chocolate-Avocado-Brownies-1347181,Dark Chocolate Avocado Brownies,2400.0,Produce For Kids,4
Low-Carb-Cheesecake-Brownies-1704465,Low Carb Cheesecake Brownies,3000.0,Yummy Recipe,4
Nutty-Brownies-977426,Nutty Brownies,1500.0,Southern Food About.com,3
Perfect-Brownies-Serious-Eats-280852,Perfect Brownies,4800.0,Serious Eats,5
Peanut-Butter-Brownies-1030459,Peanut Butter Brownies,2700.0,The Foodie Affair,4
Samoa-Brownies-1553044,Samoa Brownies,4200.0,PaleOMG,4
White-Chocolate-Brownies-1678775,White Chocolate Brownies,2760.0,A Cookie Named Desire,4
OMGeeee_-Brownies-1353806,OMGeeee! Brownies,1500.0,Southern Bite,4
Salted-Caramel-Turtle-Brownie-Ice-Cream-1702962,Salted Caramel Turtle Brownie Ice Cream,3000.0,Baking A Moment,4
Pumpkin-Brownies-1292014,Pumpkin Brownies,2100.0,Budget Girl,4
Marshmallow-Brownies-1037975,Marshmallow Brownies,3000.0,Madame Deals,4
Salted-Caramel-Gooey-Brownies-1100711,Salted Caramel Gooey Brownies,3000.0,"What's Cooking, Love?",4
Katharine-Hepburn_s-Brownies-512658,Katharine Hepburn's Brownies,3600.0,Leite's Culinaria,5
Samoa-Brownies-979292,Samoa Brownies,4200.0,Confessions of a Cookbook Queen,4
Brownies-Without-An-Oven-1210388,Brownies Without An Oven,3300.0,Un Entitled Life,4
Caramel-Brownies-My-Recipes,Caramel Brownies,4500.0,MyRecipes,4
Philadelphia-Marble-Brownies-1176257,Philadelphia Marble Brownies,3600.0,Kraft Philadelphia Cream Cheese Brand,5
Healthy-Mocha-Brownies-1690547,Healthy Mocha Brownies,2100.0,A Fit Philosophy,4
Fudgy-Bakery-Brownies-1534678,Fudgy Bakery Brownies,3000.0,Hugsand Cookies xoxo,4
Jumbo-Brownies-1704846,Jumbo Brownies,5100.0,Aol.,3
Microwave-Mug-Double-Chocolate-Brownie-1224726,Microwave Mug Double Chocolate Brownie,1200.0,Weelicious,4
Mounds-Brownies-779400,Mounds Brownies,3600.0,In Katrina's Kitchen,4
Nutella-Brownies-1706906,Nutella Brownies,2100.0,Tasteaholics,4
S_more-Brownies-1169041,S'more Brownies,2700.0,Yammie's Noshery,4
Triple-Chocolate-Hot-Fudge-Brownie-Cookies-1701639,Triple-Chocolate Hot Fudge Brownie Cookies,2100.0,Chelsea's Messy Apron,4
Brownies-on-a-Stick-771882,Brownies on a Stick,11700.0,Betty Crocker,3
Better-than-Brownies-Chocolate-Cookies-1642283,Better-than-Brownies Chocolate Cookies,1200.0,Family Spice,4
Stout-Brownies-996483,Stout Brownies,10800.0,Betty Crocker,3
Gluten-Free-Brownies-with-Sea-Salt-1693657,Gluten Free Brownies with Sea Salt,2100.0,Life After Wheat,4
Brownie-Batter-Orange-Chia-Shake-1698735,Brownie Batter Orange Chia Shake,1200.0,Vegan Richa,4
Amaretto-Brownies-1267731,Amaretto Brownies,3600.0,Food Lovin Family,4
Slutty-Brownies-1339759,Slutty Brownies,3600.0,Just Add Sprinkles,4
Cranberry-Brownies-495165,Cranberry Brownies,3600.0,Confections of a Foodie Bride,4
Microwave-Brownies-1175011,Microwave Brownies,2100.0,MyRecipes,3
Ultimate-Chocolate-Chip-Cookie-n_-Oreo-Fudge-Brownie-Bar-1697878,Ultimate Chocolate Chip Cookie n' Oreo Fudge Brownie Bar,4200.0,Kevin and Amanda,4
New-Orleans-Praline-Brownies-1620329,New Orleans Praline Brownies,7800.0,Betty Crocker,3
Classic-Brownies-902463,Classic Brownies,4200.0,Smitten Kitchen,4
Checkered-Flag-Brownies-1678039,Checkered Flag Brownies,4200.0,Kylee Kitchen,4
Simple-brownie-336016,Simple Brownie,3300.0,Baked Bree,5
Brownies-345576,Brownies,3000.0,Elana's Pantry,5
Chewy-Fudgy-Brownies-1691017,Chewy Fudgy Brownies,3000.0,Confessions of a Baking Queen,4
S_mores-Brownies-1227293,S'mores Brownies,2100.0,Mrs. Happy Homemaker,4
Brownie-Pillows-902184,Brownie Pillows,4500.0,Our Mini Family,4
Dangerously-Delicious-Brownie-Truffles-1682529,Dangerously Delicious Brownie Truffles,3300.0,I Heart Nap Time,4
Bourbon-Salted-Caramel-Fudge-Brownies-1705597,Bourbon Salted Caramel Fudge Brownies,3600.0,Tablespoon,3
My-Favorite-Brownies-1230662,My Favorite Brownies,3900.0,Confessions of a Cookbook Queen,4
Blackberry-Cheesecake-Brownies-1697729,Blackberry Cheesecake Brownies,4500.0,Broma Bakery,4
Copycat-Cosmic-Brownies-983753,Copycat Cosmic Brownies,3600.0,Baking Beauty,4
Mascarpone-Brownies-902832,Mascarpone Brownies,3900.0,The Kitchn,4
Better-Than-Sex-Brownies-1464614,Better Than Sex Brownies,3000.0,This Is Why I'm Full,4
Brownie-Mud-Hen-Bars-1641058,Brownie Mud Hen Bars,3300.0,Crazy For Crust,4
Lemon-Brownies-1605416,Lemon Brownies,3180.0,AllRecipes,4
Avocado-Brownies-993774,Avocado Brownies,6300.0,Cooks&Books&Recipes,4
The-PERFECT-Fudgy-Brownie-1694876,The PERFECT Fudgy Brownie,2100.0,Honest And Tasty,4
Cookie-Dough-Brownies-1259691,Cookie Dough Brownies,3900.0,Spend with Pennies,4
_Kahlua-Kiss-Brownies_-1216802,~Kahlua Kiss Brownies!,3600.0,Oh Bite It,4
Healthy_-High-Protein_-Low-Fat-Strawberry-Brownies-1702372,"Healthy, High-Protein, Low-Fat Strawberry Brownies",3000.0,Beautiful * Healthy * Sweet,4
Mocha-Brownies-TasteOfHome,Mocha Brownies,4500.0,Taste of Home,4
Slow-Cooker-Fudge-Brownies-1250750,Slow Cooker Fudge Brownies,2700.0,Everyday Good Thinking,4
Fudgy-Chewy-Homemade-Brownie-1121910,Fudgy Chewy Homemade Brownie,2700.0,Real Life Dinner,4
Snickers-Brownies-1033448,Snickers Brownies,5100.0,Simply Stacie,4
Applesauce-Brownies-1047303,Applesauce Brownies,3000.0,Diabetic Diet Recipes,4
Notting-Hill-Brownies-1053510,Notting Hill Brownies,4800.0,What A Girl Eats,4
Salted-Caramel-Brownies-1694426,Salted Caramel Brownies,4500.0,New York Times Cooking,3
Salted-Caramel-Brownies-1694429,Salted Caramel Brownies,4500.0,New York Times Cooking,3
Swirled-Cheesecake-Brownies-1691086,Swirled Cheesecake Brownies,3300.0,Meal Planning Maven - Linda S.,4
Roasted-Cherry-Brownies-1008861,Roasted Cherry Brownies,3600.0,Bakerita,4
Fudgy-Paleo-Brownies-1695933,Fudgy Paleo Brownies,2400.0,Ready to Yumble,4
Chipotle-Cacao-Raw-Brownies-1690497,Chipotle Cacao Raw Brownies,1500.0,Rawmazing,4
Fine-Cooking_s-Rich_-Fudgy-Brownies-1508039,"Fine Cooking's Rich, Fudgy Brownies",3000.0,Alexandra's Kitchen,4
Favorite-Recipe-For-Brownies-1637288,Favorite Recipe For Brownies,2700.0,Good food. Best Recipes,4
Easy-Fudgy-Caramel-Brownies-1623026,Easy Fudgy Caramel Brownies,2400.0,Crazy For Crust,4
Derby-Day-Bourbon-Brownies-1574683,Derby Day Bourbon Brownies,3300.0,The Seasoned Mom,4
Big-Batch-Brownies-1275125,Big Batch Brownies,1500.0,Southern Plate,4
Twix-Brownies-1318528,Twix Brownies,900.0,Hugsand Cookies xoxo,4
MMMMM___-Brownies-755913,MMMMM... Brownies,3600.0,AllRecipes,5
Peppermint-Brownie-1682395,Peppermint Brownie,,ladiesboxx,4
Slutty-Brownies-1310172,Slutty Brownies,3900.0,MyRecipes,3
Skillet-Brownies-1304849,Skillet Brownies,2700.0,popsugar.com,3
Brownies-Naturally-Ella-46286,Brownies,2400.0,Naturally Ella,4
Lemon-Brownies-1080767,Lemon Brownies,3300.0,Chez CateyLou,4
Raspberry-Cheesecake-Brownies-1627743,Raspberry Cheesecake Brownies,3300.0,The Chunky Chef,4
Samoas-Brownies-1047212,Samoas Brownies,7200.0,Broma Bakery,4
Boston-Cream-Brownie-Parfait-1704550,Boston Cream Brownie Parfait,2700.0,Thinking Outside The Sandbox: Family,4
Lime-Brownies-624751,Lime Brownies,2700.0,Life with the Crust Cut Off,3
Fudgy-Chunky-Brownies-1686693,Fudgy Chunky Brownies,3600.0,Love to be in the Kitchen,4
Lemon-Brownies-1104383,Lemon Brownies,2400.0,The Girl Who Ate Everything,4
Red-Velvet-Brownies-750658,Red Velvet Brownies,3000.0,Vogue UK,3
Cookie-dough-topped-brownies-369109,Cookie Dough Topped Brownies,2700.0,Framed Cooks,5
Double-Chocolate-Brownie-Skillets-1693199,Double Chocolate Brownie Skillets,2700.0,Family Around The Table,4
Brownie-Brittle-1470847,Brownie Brittle,3300.0,All Food Recipes,3
Slutty-Brownies-1297853,Slutty Brownies,3000.0,popsugar.com,3
Colossal-Brownies-1056591,Colossal Brownies,2700.0,The View from Great Island,3
Guinness-Brownies-906357,Guinness Brownies,4800.0,BigOven,3
SUPER-FUDGE-BROWNIES-1067967,SUPER FUDGE BROWNIES,3600.0,Got Chocolate,4
2-Ingredient-Pumpkin-Brownies-1267153,2 Ingredient Pumpkin Brownies,2400.0,Penny Pincher Jenny,3
Cream-Cheese-Brownies-1213965,Cream Cheese Brownies,3300.0,All Things Mama,4
Samoa-Brownies-1023196,Samoa Brownies,3000.0,Fake Ginger,4
Caramel-Toffee-Chunk-Brownies-1680467,Caramel-Toffee Chunk Brownies,10800.0,Betty Crocker,3
Cookie-Brownies-1062168,Cookie Brownies,1500.0,Life Tastes Good,3
Chocolate-Brownie-Bliss-Balls-1633291,Chocolate Brownie Bliss Balls,1200.0,Wholefood Simply,4
Peanut-Butter-Brownies-1706190,Peanut Butter Brownies,3000.0,Domestic Batch,4
Praline-Brownies-960982,Praline Brownies,1500.0,The Northern Nest,4
Outrageous-Brownies-1004299,Outrageous Brownies,3000.0,Brown Eyed Baker,4
Mounds-Brownies-1348124,Mounds Brownies,3600.0,In Katrina's Kitchen,4
Chocolate-Brownies-1695985,Chocolate Brownies,2400.0,Bunny's Warm Oven,4
Black-Bourbon-Walnut-Brownies-with-Maple-Candied-Bacon-_SundaySupper-1699953,Black Bourbon Walnut Brownies with Maple-Candied Bacon #SundaySupper,4500.0,The Crumby Cupcake,4
Marshmallow-Brownies-1695091,Marshmallow Brownies,,The Joys of Boys,4
Oreo-Brownies-1473343,Oreo Brownies,2100.0,"Dinners, Dishes and Desserts",4
Double-Chocolate-Mocha-Brownies-1687257,Double Chocolate Mocha Brownies,2100.0,This Mama Loves,4
Avocado-Brownies-1508271,Avocado Brownies,2700.0,Fake Ginger,4
Best-Ever-Brownies-1354526,Best-Ever Brownies,2700.0,A Beautiful Mess by Monica,4
Brownie-stuffed-chocolate-chip-cookies-334785,Brownie Stuffed Chocolate Chip Cookies,3300.0,Picky Palate,5
Best-cocoa-brownies-305482,Best Cocoa Brownies,2700.0,Smitten Kitchen,5
Raw-Chocolate-Brownie-Bites-_Nut-free_-1624099,Raw Chocolate Brownie Bites (Nut-free),480.0,Wallflower Girl,4
Brownie-Sundae-Cupcakes-1697523,Brownie Sundae Cupcakes,1920.0,"Food, Folks, and Fun",4
Frosted-Mint-Brownies-1436563,Frosted Mint Brownies,4500.0,My Mom Made That,4
Gooey-Salted-Caramel-Brownies-1630188,Gooey Salted Caramel Brownies,3900.0,Honest Cooking,3
Neapolitan-Cheesecake-Brownie-Bars-1699753,Neapolitan Cheesecake Brownie Bars,4800.0,Frugal Coupon Living,4
Rich-Fudgy-Flourless-Brownies-1575193,Rich Fudgy Flourless Brownies,1800.0,Life Made Simple,4
PHILADELPHIA-Marble-Brownies-1423748,PHILADELPHIA Marble Brownies,4800.0,Kraft,3
Cheesecake-Swirled-Brownies-1455404,Cheesecake-Swirled Brownies,3600.0,Smitten Kitchen,5
Sinfully-Dark-Chocolate-Brownies-577586,Sinfully Dark Chocolate Brownies,2100.0,The Craving Chronicles,4
Chewy-Cocoa-Brownies-896838,Chewy Cocoa Brownies,2100.0,Recipe for Perfection,4
Lemon-Brownies-1626314,Lemon Brownies,2400.0,Gonna Want Seconds,4
Oreo-Marshmallow-Brownies-1091313,Oreo Marshmallow Brownies,2400.0,Inside BruCrew Life,4
Vermont-True-Decadence-Brownies-1625942,Vermont True Decadence Brownies,4200.0,Vermont Creamery,3
Cookie-Dough-Brownies-1033447,Cookie Dough Brownies,3600.0,Spicy Southern Kitchen,4
Buckeye-Brownies-1167781,Buckeye Brownies,2700.0,TGIF - This Grandma Is Fun,4
Classic-Brownies-1053296,Classic Brownies,3900.0,Blessings and Good Food,4
Black-and-White-Brownies-1633407,Black and White Brownies,10200.0,Daisybrand.com,3
The-Perfect-Brownie-1037623,The Perfect Brownie,3600.0,offbeat + inspired,4
Cookie-Dough-Brownies-997196,Cookie Dough Brownies,4500.0,Bakerita,4
Better-Than-Box-Brownies-1630835,Better-Than-Box Brownies,3000.0,Brown Eyed Baker,4
Oreo-Stuffed-Brownies-1562993,Oreo Stuffed Brownies,4800.0,Frugal Mom Eh,4
Avocado-Brownies-546695,Avocado Brownies,1800.0,Dair Free Cooking About.com,3
Cadbury-Egg-Brownies-1519870,Cadbury Egg Brownies,1800.0,Cincy Shopper,4
The-Baked-Brownie-992315,The Baked Brownie,3600.0,Brown Eyed Baker,4
Lunch-Lady-Frosted-Brownies-604594,Lunch Lady Frosted Brownies,2100.0,The Semisweet Sisters,3
Tuxedo-Brownies-1128821,Tuxedo Brownies,3000.0,Living Sweet Moments,3
4-Ingredient-Nutella-Brownies-1562238,4 Ingredient Nutella Brownies,2100.0,Happy Deal Happy Day,4
Slutty-S_mores-Oreo-Brownies-1206912,Slutty S'mores Oreo Brownies,2700.0,Sugar Dish Me,4
Holiday-Tree-Brownies-597169,Holiday Tree Brownies,9600.0,Betty Crocker,3
Peanut-Butter-Brownies-1037890,Peanut Butter Brownies,2400.0,Mandy's Recipe Box,4
Glazed-Lemon-Brownies-1149497,Glazed Lemon Brownies,2700.0,Life in the Lofthouse,4
Easy-Spring-Brownies-1596082,Easy Spring Brownies,1200.0,Real Mom Kitchen,4
Lazy-Day-Brownies-1636083,Lazy Day Brownies,1500.0,The Slow Roasted Italian,4
Bailey_s-brownies-333866,Bailey’s Brownies,3900.0,How Sweet It Is,5
Slutty-Brownies-685349,Slutty Brownies,2700.0,The Londoner,4
Oh-So-Good-Brownies-998349,Oh So Good Brownies,2400.0,Love Foodies,4
Lunch-Lady-Brownies-1073331,Lunch Lady Brownies,2700.0,"Chocolate, Chocolate and More",4
Decadent-Flourless-Brownies-1013924,Decadent Flourless Brownies,2400.0,Recipe for Perfection,4
Best-Ever-Brownie-1615814,Best-Ever Brownie,3000.0,Gemma's Bigger Bolder Baking,4
Candy-cane-brownies-335571,Candy Cane Brownies,3300.0,My Baking Addiction,5
Smores-Brownies-1188199,S’mores Brownies,3000.0,Flying on Jess Fuel,4
Throwback_-_-Cosmic-Brownie-Pop-Tarts-1571911,Throwback! | Cosmic Brownie Pop Tarts,3000.0,Studio DIY,4
_Snickers_-brownies-1704565,'Snickers' brownies,,Sainsbury's Magazine,3
Raspberry-_-Brownie-Mini-Trifles-1696986,Raspberry & Brownie Mini Trifles,600.0,Rachel Cooks,4
Skillet-Brownies-538954,Skillet Brownies,3000.0,My Baking Addiction,4
Yummy-Chocolate-Brownies-1614361,Yummy Chocolate Brownies,2400.0,Chef Times Two,4
Cocoa-Brownies-1572715,Cocoa Brownies,1920.0,"Chocolate, Chocolate and More",4
Brownies-1204870,Brownies,3900.0,Maria Mind Body Health,4
Deep-Dark-Espresso-Brownies-1632090,Deep Dark Espresso Brownies,2700.0,Cosmopolitan Cornbread,4
Peanut-Butter-Stuffed-Brownies-1580185,Peanut Butter Stuffed Brownies,2100.0,"Dinners, Dishes and Desserts",4
Ina_s-Outrageous-Brownies-1630834,Ina's Outrageous Brownies,3900.0,Brown Eyed Baker,4
Microwave-Brownie-in-a-Mug-1238978,Microwave Brownie in a Mug,900.0,Munchkins and the Military,4
Healthier-Flourless-Fudge-Brownies-1578651,Healthier Flourless Fudge Brownies,2400.0,Baker by Nature,4
Basic-Brownie-1451025,Basic Brownie,2400.0,Today's Creative Life,4
Gooey-Butter-Brownies-1049967,Gooey Butter Brownies,3000.0,Buns in my Oven,4
Super-Fudgy-Brownies-1090687,Super-Fudgy Brownies,3300.0,Cookistry,4
Snickers-Brownies_-1493009,Snickers Brownies.,2100.0,Mama Loves Food,4
Brownie-chunk-and-chocolate-chip-cookies-334751,Brownie Chunk and Chocolate Chip Cookies,2400.0,Picky Palate,5
Buckeye-Brownies-601796,Buckeye Brownies,3600.0,Wishes and Dishes,3
3-Ingredient-Nutella-Brownies-1566904,3 Ingredient Nutella Brownies,1800.0,Create Bake Make,4
Reeses-Brownies-1111900,Reese’s Brownies,2400.0,Just about baked,4
My-favorite-brownies-305324,My Favorite Brownies,2400.0,Smitten Kitchen,5
Brownie-Cookies-from-scratch-1562769,Brownie Cookies from scratch,3600.0,Crazy For Crust,4
Nutella-Brownies-555186,Nutella Brownies,3600.0,Buns in my Oven,4
Peanut-Butter-Oreo-Brownies-1695807,Peanut Butter Oreo Brownies,3300.0,Sugar Spun Run,4
Crunchy-Topped-Fudgy-Brownies-1637912,Crunchy-Topped Fudgy Brownies,3300.0,Whip This Up,4
Pumpkin-brownies-335574,Pumpkin Brownies,3600.0,My Baking Addiction,5
Epic-Brownies---Best-Chocolate-Brownies-1642272,Epic Brownies - Best Chocolate Brownies,2700.0,Melanie Cooks,4
Lavender-brownies-305781,Lavender Brownies,4800.0,Homesick Texan,5
Cheesecake-Brownies-Allrecipes,Cheesecake Brownies,2700.0,AllRecipes,5
Buckeye-Brownies-1100316,Buckeye Brownies,2520.0,Food Fanatic,4
Lemony-Lemon-Brownies-634415,Lemony Lemon Brownies,2100.0,All Food Recipes,3
Naughty-Brownies-752055,Naughty Brownies,3600.0,ABC,3
Andes-Mint-Brownies-1702654,Andes Mint Brownies,3600.0,Rainstorms and Love Notes,4
Birthday-Brownies-1160270,Birthday Brownies,3300.0,Real Housemoms,4
Pumpkin-Brownies-1202992,Pumpkin Brownies,3000.0,Chocolate and Carrots,4
Cocoa-Brownies-1613756,Cocoa Brownies,2700.0,Bon Appétit,3
Oreo-Stuffed-Brownies-1647104,Oreo Stuffed Brownies,2400.0,Southern Plate,4
Peanut-Butter-Cookie-Dough-Skillet-Brownie-1636759,Peanut Butter Cookie Dough Skillet Brownie,3900.0,Honest Cooking,3
Slutty-Brownies-1678063,Slutty Brownies,1800.0,Julie's Lifestyle Blog,4
BROWNIE-COW-POPSICLES-1574719,BROWNIE-COW POPSICLES,2700.0,Lady and Pups,4
Triple-Layer-Coconut-Pecan-Fudge-Brownies-1693408,Triple Layer Coconut Pecan Fudge Brownies,11700.0,Eat Healthy Eat Happy,4
No-Bake-Brownies-1680953,No Bake Brownies,1800.0,Rawcology,4
One-Bowl-Small-Batch-Brownies-1623888,One Bowl Small-Batch Brownies,3000.0,My Sequined Life,4
Brownie-Batter-Muddy-Buddies-1275033,Brownie Batter Muddy Buddies,1200.0,Something Swanky,4
Brownies-MyRecipes-265845,Brownies,3600.0,MyRecipes,3
Amazing-Vegan-Brownies-1689372,Amazing Vegan Brownies,1800.0,Go Dairy Free,3
Chewy-Brownies-1557942,Chewy Brownies,900.0,Handle the Heat,4
Buttermilk-Brownies-1169941,Buttermilk Brownies,3000.0,A Kitchen Addiction,4
Brownie-Parfait-1598912,Brownie Parfait,2400.0,Words of Deliciousness,4
Snickers-Brownies-1628940,Snickers Brownies,2100.0,Living The Gourmet,4
Mounds-Brownies-1217967,Mounds Brownies,3900.0,Spend with Pennies,4
Tartine-Bakery-Brownies-1080089,Tartine Bakery Brownies,2700.0,Broma Bakery,4
Red-Velvet-Cheesecake-Brownies-1048494,Red Velvet Cheesecake Brownies,3600.0,Sweet Pea's Kitchen,3
Twix-Brownies-1271344,Twix Brownies,8880.0,Life in the Lofthouse,4
Brownie-Crackles-TasteOfHome,Brownie Crackles,1500.0,Taste of Home,5
Peanut-Butter-Cup-Brownies-1701991,Peanut Butter Cup Brownies,2700.0,Swirls of Flavor,4
Easy-Smore-Brownies-1696758,Easy S’more Brownies,2400.0,Charnopia,4
Black-Bean-Brownies-1640834,Black Bean Brownies,2400.0,JoyFoodSunshine,4
_Ad-Hoc_-Brownies-1338979,"""Ad Hoc"" Brownies",4800.0,Striped Spatula,4
Slutty-Brownies-1427570,Slutty Brownies,2700.0,A Simple Pantry,4
Crack-Brownies-1018553,Crack Brownies,2700.0,Pip and Ebby,4
Salted-caramel-brownies-335432,Salted Caramel Brownies,3300.0,Bakers Royale,5
Nutella-Brownies-1206595,Nutella Brownies,2700.0,Raising Little Superheroes,4
Diner-style-Frosted-Brownies-1065787,Diner-style Frosted Brownies,7200.0,Seasons and Suppers,4
Speedy-Brownies-1110947,Speedy Brownies,2400.0,"Recipes, Recipes, Recipes",4
Brown-Brown-Brownies-490043,Brown Brown Brownies,4200.0,Bake or Break,4
Salted-Caramel-Brownies-1583548,Salted Caramel Brownies,3300.0,Reluctant Entertainer,4
Cinnamon-Crumb-Brownies-1690485,Cinnamon Crumb Brownies,3600.0,Bake or Break,4
Biscoff-Gingersnap-Brownies-1132046,Biscoff Gingersnap Brownies,,Frugal Foodie Mama,4
Old-Fashioned-Brownies-1685319,Old Fashioned Brownies,3300.0,Green Valley Kitchen,4
Copycat-Cosmic-Brownies-1109111,Copycat Cosmic Brownies,4200.0,Mandy's Recipe Box,4
Smores-topped-brownies-369968,Smores Topped Brownies,2400.0,Real Mom Kitchen,4
Lighter-Brownies-1532906,Lighter Brownies,3900.0,Cooking Channel,3
Brownie-Mocha-Popsicles-1700493,Brownie Mocha Popsicles,18000.0,Ann's Entitled Life,4
Katharine-Hepburns-Brownies-1677945,Katharine Hepburn’s Brownies,3600.0,New York Times Cooking,3
Brownie-Batter-Hummus-1679710,Brownie Batter Hummus,300.0,My Whole Food Life,4
Speedy-Brownies-TasteOfHome,Speedy Brownies,2700.0,Taste of Home,5
Halloween-Pumpkin-Brownies-1696497,Halloween Pumpkin Brownies,3000.0,Courtney's Sweets,4
Espresso-Brownies-682271,Espresso Brownies,3900.0,Cooking Channel,3
Orange-Brownies-771885,Orange ‘Brownies’,3300.0,Laughing Spatula,4
Apple-Brownies-895948,Apple Brownies,3900.0,The Meaning of Pie,4
BROWNIE-CHEESECAKE-1684132,BROWNIE CHEESECAKE,3300.0,DelishPlan,4
Mocha-brownies-358238,Mocha Brownies,4800.0,The Pioneer Woman,5
Lunch-Lady-Brownies-1122779,Lunch Lady Brownies,2700.0,Life in the Lofthouse,4
Gooey-Lemon-Raspberry-Brownies-1633816,Gooey Lemon Raspberry Brownies,2100.0,Savory Style,4
Mocha-Brownie-Amaretto-Ice-Cream-1686018,Mocha Brownie Amaretto Ice Cream,12300.0,The Starving Musician,4
S_mores-Brownies-1444540,S'mores Brownies,2100.0,The Kittchen,4
Cream-Cheese-Brownies-1564057,Cream Cheese Brownies,600.0,Recipe Kitchen,4
Peanut-Butter-Brownies-1060992,Peanut Butter Brownies,3000.0,The Taylor House,4
Marbled-Brownies-MyRecipes-264745,Marbled Brownies,7500.0,MyRecipes,4
Biscoff-Blondie-Brownies-1509697,Biscoff Blondie Brownies,3300.0,Yummy Crumble,4
Marbled-Brownies-1388943,Marbled Brownies,3600.0,Never Enough Thyme,4
Boozy-Blond-Brownie-Sundae-1703081,Boozy Blond Brownie Sundae,3300.0,Crazy for Cookies and More,4
Reese_s-Peanut-Butter-Cup-Explosion-Brownies-1698497,Reese's Peanut Butter Cup Explosion Brownies,1800.0,The Baking Chocola Tess,4
Cheesecake-Brownies-1602408,Cheesecake Brownies,5220.0,My Baking Addiction,4
Chocolate-Flax-Brownies-1610497,Chocolate Flax Brownies,3000.0,The Bitter Side of Sweet,4
Best-Brownie-779437,Best Brownie,3900.0,Examiner,4
Brownie-Stuffed-Brownies-627430,Brownie-Stuffed Brownies,3000.0,Food Beast,3
Butterfinger-Brownies-472629,Butterfinger Brownies,6300.0,Recipe Girl,5
Buckeye-Brownies-1633157,Buckeye Brownies,2400.0,Lil' Luna,4
Brownie-Buttons-489962,Brownie Buttons,2400.0,Bake or Break,4
Best-Chocolate-Brownies-1701403,Best Chocolate Brownies,2700.0,Simply Recipes,4
Strawberry-Brownies-1697303,Strawberry Brownies,2400.0,Pancake Warriors,4
Chocolate-Brownie-896875,Chocolate Brownie,1800.0,Recipe for Perfection,4
Flourless-Brownies-679693,Flourless Brownies,4500.0,Homemade Mommy,4
Summer-Berry-Brownie-Torte-1643209,Summer Berry Brownie Torte,2700.0,VeryBestBaking,3
Neapolitan-Brownies-1297556,Neapolitan Brownies,1800.0,The New York Melrose Family,4
Sweet-Potato-Brownies-1702883,Sweet Potato Brownies,3300.0,Healthy Holistic Living,4
Microwave-Brownie-in-a-Mug-1587884,Microwave Brownie in a Mug,900.0,Kylee Kitchen,4
Delicious-Nutella-Brownies-I-Adore-Food_-55394,Delicious Nutella Brownies,1200.0,I Adore Food!,5
Red-Velvet-Brownies-1529777,Red Velvet Brownies,3600.0,Fake Ginger,4
Cheesecake-Brownies-1173448,Cheesecake Brownies,1800.0,Domestically Blissful,4
Decadent-Brownie-_-Strawberry-Parfaits-1553371,Decadent Brownie & Strawberry Parfaits,2700.0,Unilever North America,4
Black-Bean-and-Banana-Brownies-1691401,Black Bean and Banana Brownies,2400.0,The Flaming Vegan,3
Potato-Chip-Brownies-1663384,Potato Chip Brownies,3000.0,Wicked Spatula,4
Flourless-Brownie-1351571,Flourless Brownie,3000.0,Healthy Holistic Living,4
Pecan-Pie-Brownies-1277732,Pecan Pie Brownies,3300.0,Plain Chicken,4
Brownie-Cheesecake-1601479,Brownie Cheesecake,5100.0,MUNCHIES,3
Brownies-1097986,Brownies,2400.0,Impeckable Eats,4
Homemade-Chocolate-Brownie-Cake-with-Vanilla-Mascarpone-Butter-Cream-1697913,Homemade Chocolate Brownie Cake with Vanilla Mascarpone Butter Cream,8700.0,Peas and Peonies,4
Delicious-Healthy-Fudge-Brownies-1603862,Delicious Healthy Fudge Brownies,5400.0,Lose weight by eating,4
Peanut-Butter-Brownies-1592168,Peanut Butter Brownies,3000.0,a trEATs affair,4
Turtle-Poke-Brownies-1704043,Turtle Poke Brownies,3900.0,Berly's Kitchen,4
Best-Brownies-793111,Best Brownies,2700.0,Simply Recipes,4
Gooey-Nutella-Brownies-1468626,Gooey Nutella Brownies,1200.0,Sugar n' Spice Gals,4
Nutella-Brownies-1279346,Nutella Brownies,3600.0,Handle the Heat,4
Brownies-1521108,Brownies,2700.0,"Coffee, Cake, and Composition UK",4
2-Ingredient-Nutella-Brownies-1471916,2 Ingredient Nutella Brownies,2700.0,Baking Beauty,4
Cream-Cheese-Brownies-1619441,Cream Cheese Brownies,4200.0,Just So Tasty,4
Buckeye-Brownies-1578334,Buckeye Brownies,2100.0,"Dessert  Now, Dinner Later",4
Waffle-Brownies-1222829,Waffle Brownies,1800.0,The Krave,4
Brownies-with-Truvia-Natural-Sweetener-746826,Brownies with Truvía® Natural Sweetener,3000.0,,4
Coconut-brownies-370152,Coconut Brownies,2700.0,Real Mom Kitchen,4
Buckeye-Brownies-1526425,Buckeye Brownies,3900.0,Two Sisters Kitchens,4
Fruity-Brownie-Dessert-Pizza-1122616,Fruity Brownie Dessert Pizza,4200.0,Deliciously Yum,4
Chewy-Butterscotch-Brownies-1699736,Chewy Butterscotch Brownies,2520.0,VeryBestBaking,3
Bourbon-Brown-Butter-Brownies-1089636,Bourbon Brown Butter Brownies,3900.0,Glazed and Confused,4
Extra-Slutty-Brownies-1569531,Extra-Slutty Brownies,3000.0,The Nerdy Chef,4
Milk-Chocolate-Peanut-Butter-Brownies-1684612,Milk Chocolate Peanut Butter Brownies,2100.0,Kitchen Fun with My Three Sons,4
Strawberry-Balsamic-Brownies-1618217,Strawberry Balsamic Brownies,3600.0,Honest Cooking,3
Cookie-Dough-Brownies-1174706,Cookie Dough Brownies,2400.0,Gal on a Mission,4
St_-Patty_s-Day-Brownies-635937,St. Patty's Day Brownies,4800.0,Real Mom Kitchen,5
Boardwalk-Brownies-1641183,Boardwalk Brownies,3900.0,Eat at Home,4
Death-by-chocolate-brownie-364934,Death by Chocolate Brownie,1800.0,Eat at Home,5
Toasted-Coconut-Brownies-1678097,Toasted Coconut Brownies,2700.0,Baking Bites,4
One-Bowl-Fudge-Brownies-1559508,One Bowl Fudge Brownies,2100.0,Apple of my Eye,4
Chewy-Brownies-1699784,Chewy Brownies,5100.0,The Cake Chica,4
Homemade-Chocolate-Fudge-Brownies-1595351,Homemade Chocolate Fudge Brownies,2700.0,Family Fresh Meals,4
Dark-Chocolate-Brownies-with-Medjool-Dates-and-Almond-Butter-1706158,Dark Chocolate Brownies with Medjool Dates and Almond Butter,3300.0,REAL SIMPLE FOOD,4
Take-5-Brownies-1597368,Take 5 Brownies,4500.0,Dixie Chik Cooks,4
Low-Calorie-Brownies-from-Scratch-1589277,Low Calorie Brownies from Scratch,1800.0,Happy Healthy Motivated,4
Healthy-Chocolate-Fudge-Mug-Brownie-1621074,Healthy Chocolate Fudge Mug Brownie,240.0,Happy Healthy Motivated,4
French-Silk-Brownies-1599132,French Silk Brownies,3600.0,Crazy For Crust,4
Raw-Brownie-Bites-1703389,Raw Brownie Bites,900.0,Epoch Times,3
Double-Chocolate-No-Bake-Vegan-Brownies-1706851,Double Chocolate No-Bake Vegan Brownies,4200.0,Team Beachbody,3
Symphony-Brownies-472721,Symphony Brownies,900.0,Recipe Girl,5
Chocolate-Brownie-Peanut-Butter-Parfait-1706176,Chocolate Brownie Peanut Butter Parfait,4200.0,"Giggles, Gobbles and Gulps",4
Salted-Caramel-Brownies-1084724,Salted Caramel Brownies,5400.0,MyRecipes,3
One-Bowl-Brownies-1602204,One Bowl Brownies,2220.0,Crunchy Creamy Sweet,4
Simply-Perfect-Brownies-from-Scratch-1009311,Simply Perfect Brownies from Scratch,4500.0,Baking a Moment,4
2-Ingredient-Pumpkin-Brownies-676212,2 Ingredient Pumpkin Brownies,2700.0,Cookies & Cups,4
Rhubarb-Brownies-1192377,Rhubarb Brownies,3600.0,I am baker,4
Awesome-Chewy-Brownies-1642163,Awesome Chewy Brownies,2700.0,Creations by Kara,4
Nick_s-_Supernatural_-Brownies-604599,Nick's 'Supernatural' Brownies,3900.0,Saveur,3
Oreo-Brownie-Pie-1697992,Oreo Brownie Pie,2700.0,TGIF - This Grandma Is Fun,4
Crazy-Brownies-1701271,Crazy Brownies,2700.0,Amy's Cooking Adventures,4
Cream-Cheese-Brownies-482259,Cream Cheese Brownies,5400.0,Brown Eyed Baker,4
WHolesome-epic-gluten-free-brownies-1699960,WHolesome epic gluten-free brownies,2400.0,Truffles and Trends,4
Ultimate-Gooey-Brownies-989984,Ultimate Gooey Brownies,3600.0,Handle the Heat,4
One-Bowl-Healthy-Pumpkin-Brownies-1684809,One-Bowl Healthy Pumpkin Brownies,1500.0,Happy Healthy Motivated,4
Dark-Fudgy-Brownies-1705637,Dark Fudgy Brownies,1800.0,Fitness,3
Microwave-Mug-Brownie-1521079,Microwave Mug Brownie,900.0,The Craft Patch,4
Strawberry-Layer-Brownies-1621467,Strawberry Layer Brownies,4800.0,Spend with Pennies,4
Dublin-Brownies-997780,Dublin Brownies,2100.0,Group Recipes,3
Cocoa-Brownies-472740,Cocoa Brownies,2100.0,Recipe Girl,5
Monster-Brownies-1320476,Monster Brownies,900.0,"Dinners, Dishes and Desserts",4
Smores-Brownies-1176373,Smores Brownies,3300.0,Cooking with Curls,4
Vegan-Almond-Flour-Brownies-1706234,Vegan Almond Flour Brownies,300.0,Yummy Mummy Kitchen,4
Oreo-Brownies-with-Oreo-Buttercream-1217654,Oreo Brownies with Oreo Buttercream,1800.0,Mountain Mama Cooks,4
The-PERFECT-Fudgy-Brownie-1498792,The PERFECT Fudgy Brownie,2700.0,AlloverUnique,4
Skinny-Cookies-_n-Cream-Brownies-1053578,Skinny Cookies 'n Cream Brownies,2700.0,Amy's Healthy Baking,4
Peanut-Butter-and-Cookie-Brownies-1691063,Peanut Butter and Cookie Brownies,2100.0,Love Foodies,4
Loaded-Oreo-Cream-Cheese-Brownies-1638401,Loaded Oreo Cream Cheese Brownies,3300.0,Averie Cooks,4
Homemade-Fudge-Brownies-1706018,Homemade Fudge Brownies,1980.0,Crunchy Creamy Sweet,4
Brownie-Mocha-Popsicles-1694483,Brownie Mocha Popsicles,600.0,A Few Short Cuts,4
Beer-Brownies-1705322,Beer Brownies,2700.0,I am baker,4
Copycat-Cosmic-Brownies-1089831,Copycat Cosmic Brownies,2700.0,Cincy Shopper,4
Triple-chocolate-chip-brownies-308136,Triple Chocolate Chip Brownies,3300.0,The Kitchn,5
Red-Velvet-Brownies-1201927,Red Velvet Brownies,4500.0,Newly Weds,4
Skip-the-Mix-Brownie-1032884,Skip the Mix Brownie,2400.0,Dine & Dish,4
Peanut-Butter-Brownie-Cupcakes-1693181,Peanut Butter Brownie Cupcakes,3300.0,Gretchen's Bakery,4
3-Ingredient-Brownies-1703671,3-Ingredient Brownies,300.0,Fit Foodie Finds,4
Whole-Grain-Double-Fudge-Brownies-1684902,Whole Grain Double Fudge Brownies,2700.0,Reformation Acres,3
Creme-Egg-Slutty-Brownies-1580137,Creme Egg Slutty Brownies,1800.0,The Londoner,4
The-Best-Fudgy-Homemade-Brownies_-From-Scratch-1507153,"The Best Fudgy Homemade Brownies, From Scratch",3300.0,Sweet Anna's,4
S_mores-Brownies-1278422,S'mores Brownies,5700.0,Betty Crocker,3
Pumpkin-Pie-Brownies-1184936,Pumpkin Pie Brownies,3000.0,Crumbs and Chaos,4
Cappuccino-Brownies-473021,Cappuccino Brownies,1800.0,Recipe Girl,5
Cookies-N-Cream-Brownies-637596,Cookies N Cream Brownies,2400.0,Taste of Home,3
Oreo-Brownies-1217666,Oreo Brownies,4200.0,I Heart Nap Time,4
90-Microwave-Brownie-in-a-Mug-1677653,90 Microwave Brownie in a Mug,420.0,Happy Deal Happy Day,4
Simply-Perfect-Brownies-from-Scratch-1015962,Simply Perfect Brownies from Scratch,4500.0,Baking A Moment,4
Best-Homemade-Brownie-514487,Best Homemade Brownie,5100.0,Vintage Mixer,5
Banana-Split-Brownies-1693563,Banana Split Brownies,4200.0,No Fail Recipes,4
Blueberry-Brownies-627938,Blueberry Brownies,3600.0,Hummingbird High,3
Nutella-Brownies-1574996,Nutella Brownies,13500.0,Sally's Baking Addiction,4
Best-Brownies-1552413,Best Brownies,3000.0,Blendtec,3
Molten-Choc-Chunk-Brownies-1702664,Molten Choc-Chunk Brownies,5400.0,Lifestyle Food,3
Marshmallow-brownies-369682,Marshmallow Brownies,2400.0,Real Mom Kitchen,4
Julia-child_s-best-ever-brownies-334175,Julia Child’s Best-Ever Brownies,2400.0,The Naptime Chef,5
Thomas-Keller_s-Brownies-1007338,Thomas Keller's Brownies,3300.0,Platter Talk,4
